Timestamp,User Count,Type,Name,Requests/s,Failures/s,50%,66%,75%,80%,90%,95%,98%,99%,99.9%,99.99%,100%,Total Request Count,Total Failure Count,Total Median Response Time,Total Average Response Time,Total Min Response Time,Total Max Response Time,Total Average Content Size
1767869959,0,,Aggregated,0.000000,0.000000,N/A,N/A,N/A,N/A,N/A,N/A,N/A,N/A,N/A,N/A,N/A,0,0,0,0.0,0,0,0
1767869960,2,,Aggregated,0.000000,0.000000,30,30,30,30,30,30,30,30,30,30,30,1,0,30.462125010672025,30.462125010672025,30.462125010672025,30.462125010672025,105.0
1767869961,4,,Aggregated,0.000000,0.000000,840,840,850,850,850,850,850,850,850,850,850,4,0,410.0,531.1148442524427,30.462125010672025,847.2297090047505,314.25
1767869962,6,,Aggregated,0.000000,0.000000,44,410,840,840,850,850,850,850,850,850,850,7,0,44,314.0772205723416,14.7748750023311,847.2297090047505,213.85714285714286
1767869963,8,,Aggregated,0.500000,0.000000,44,280,410,410,840,850,850,850,850,850,850,12,1,30,237.22050708359652,3.527207998558879,847.2297090047505,159.91666666666666
1767869964,10,,Aggregated,0.500000,0.000000,37,280,330,410,840,850,850,850,850,850,850,14,1,30,207.14728285591784,3.527207998558879,847.2297090047505,152.07142857142858
1767869965,10,,Aggregated,2.000000,0.000000,30,44,330,330,840,850,850,850,850,850,850,16,1,29,182.84497406148148,3.527207998558879,847.2297090047505,146.1875
1767869966,10,,Aggregated,2.000000,0.000000,16,37,280,330,840,850,850,850,850,850,850,19,1,16,156.20421721005664,3.527207998558879,847.2297090047505,139.68421052631578
1767869967,10,,Aggregated,2.500000,0.166667,16,30,44,280,410,840,850,850,850,850,850,22,1,16,137.00036754545926,3.527207998558879,847.2297090047505,134.95454545454547
1767869968,10,,Aggregated,2.714286,0.142857,16,30,39,44,410,840,850,850,850,850,850,27,1,16,115.63546614855079,3.207415997167118,847.2297090047505,126.62962962962963
1767869969,10,,Aggregated,2.625000,0.125000,16,30,37,44,410,840,850,850,850,850,850,29,1,16,108.30428600080455,3.207415997167118,847.2297090047505,122.55172413793103
1767869970,10,,Aggregated,2.666667,0.111111,16,20,34,39,330,840,850,850,850,850,850,33,1,16,96.76634221316569,3.207415997167118,847.2297090047505,118.15151515151516
1767869971,10,,Aggregated,2.666667,0.111111,16,16,34,37,330,840,850,850,850,850,850,36,1,16,89.01898386223668,3.207415997167118,847.2297090047505,110.80555555555556
1767869972,10,,Aggregated,2.800000,0.100000,16,16,30,37,330,840,850,850,850,850,850,38,1,15,85.04868644836517,3.207415997167118,847.2297090047505,110.5
1767869973,10,,Aggregated,3.500000,0.100000,15,16,29,34,280,410,850,850,850,850,850,41,1,15,79.66711387860236,3.207415997167118,847.2297090047505,108.26829268292683
1767869974,10,,Aggregated,3.500000,0.100000,16,16,34,39,330,410,850,850,850,850,850,44,1,15,85.12989209173776,3.207415997167118,847.2297090047505,127.06818181818181
1767869975,10,,Aggregated,3.200000,0.100000,15,16,30,37,330,410,850,850,850,850,850,47,1,15,80.20796814990389,3.207415997167118,847.2297090047505,122.46808510638297
1767869976,10,,Aggregated,3.000000,0.000000,15,16,29,34,280,410,840,850,850,850,850,51,1,15,75.07679825585892,3.207415997167118,847.2297090047505,121.09803921568627
1767869977,10,,Aggregated,3.100000,0.000000,15,16,22,34,280,410,840,850,850,850,850,55,1,15,70.48818036458793,3.207415997167118,847.2297090047505,115.83636363636364
1767869978,10,,Aggregated,3.100000,0.000000,16,16,29,37,330,410,840,850,850,850,850,59,2,16,74.89000006837344,3.207415997167118,847.2297090047505,117.16949152542372
1767869979,10,,Aggregated,3.300000,0.000000,15,16,22,34,280,390,840,850,850,850,850,62,2,15,71.79378703280705,3.207415997167118,847.2297090047505,115.37096774193549
1767869980,10,,Aggregated,3.300000,0.000000,15,16,22,34,280,390,840,850,850,850,850,64,2,15,69.99630734412676,3.207415997167118,847.2297090047505,115.046875
1767869981,10,,Aggregated,3.200000,0.100000,16,16,30,44,380,410,840,850,850,850,850,69,2,16,85.00893302919829,3.207415997167118,847.2297090047505,126.44927536231884
1767869982,10,,Aggregated,3.500000,0.100000,16,16,30,39,380,410,840,850,850,850,850,71,2,16,83.04832518325371,3.207415997167118,847.2297090047505,125.84507042253522
1767869983,10,,Aggregated,3.500000,0.100000,15,16,29,39,380,410,840,850,850,850,850,74,2,15,80.22508395967904,3.207415997167118,847.2297090047505,125.0
1767869984,10,,Aggregated,3.200000,0.100000,15,16,22,37,380,410,840,850,850,850,850,77,2,15,77.65862506522507,3.207415997167118,847.2297090047505,124.22077922077922
1767869985,10,,Aggregated,3.400000,0.100000,15,16,29,34,330,400,840,850,850,850,850,81,2,15,75.04082208658845,3.207415997167118,847.2297090047505,122.34567901234568
1767869986,10,,Aggregated,3.100000,0.100000,16,16,22,34,330,400,840,850,850,850,850,85,2,16,72.33179467079668,3.207415997167118,847.2297090047505,121.52941176470588
1767869987,10,,Aggregated,3.300000,0.100000,16,16,22,34,370,400,840,850,850,850,850,89,2,16,73.74730669671612,3.207415997167118,847.2297090047505,130.19101123595505
1767869988,10,,Aggregated,3.300000,0.100000,16,16,22,33,330,400,840,850,850,850,850,92,2,16,71.85452179360057,3.207415997167118,847.2297090047505,129.3695652173913
1767869989,10,,Aggregated,3.200000,0.100000,16,16,22,33,330,400,840,850,850,850,850,95,2,16,69.82332067380317,2.7487500046845526,847.2297090047505,127.02105263157895
1767869990,10,,Aggregated,3.400000,0.000000,16,17,22,34,370,400,840,850,850,850,850,100,3,16,72.01912507036468,2.7487500046845526,847.2297090047505,126.39
1767869991,10,,Aggregated,3.400000,0.000000,16,16,22,33,330,390,410,840,850,850,850,101,3,16,71.45757598042866,2.7487500046845526,847.2297090047505,126.17821782178218
1767869992,10,,Aggregated,3.400000,0.000000,16,17,22,33,330,390,410,840,850,850,850,102,3,16,70.92507238264136,2.7487500046845526,847.2297090047505,125.97058823529412
1767869993,10,,Aggregated,3.300000,0.100000,16,16,20,32,330,390,410,840,850,850,850,106,3,15,68.78100518883483,2.7487500046845526,847.2297090047505,124.47169811320755
1767869994,10,,Aggregated,3.300000,0.100000,15,16,20,32,330,390,410,840,850,850,850,108,3,15,67.76072538896524,2.7487500046845526,847.2297090047505,124.11111111111111
1767869995,10,,Aggregated,2.900000,0.100000,15,16,19,30,280,390,410,840,850,850,850,112,3,15,65.84348482166595,2.7487500046845526,847.2297090047505,123.42857142857143
1767869996,10,,Aggregated,3.200000,0.100000,15,16,19,30,280,390,410,840,850,850,850,115,3,15,64.50811999156545,2.7487500046845526,847.2297090047505,122.94782608695652
1767869997,10,,Aggregated,3.000000,0.100000,15,16,19,29,280,390,410,840,850,850,850,116,3,15,64.08860387091408,2.7487500046845526,847.2297090047505,122.79310344827586
1767869998,10,,Aggregated,3.300000,0.100000,15,16,22,34,360,390,410,840,850,850,850,122,5,15,75.17885047568821,2.7487500046845526,847.2297090047505,123.30327868852459
1767869999,10,,Aggregated,2.900000,0.100000,15,16,22,34,360,390,410,840,850,850,850,123,5,15,74.69645399213162,2.7487500046845526,847.2297090047505,123.15447154471545
1767870000,10,,Aggregated,2.800000,0.200000,15,16,20,33,360,390,410,840,850,850,850,127,5,15,72.65274808696273,2.7487500046845526,847.2297090047505,121.4015748031496
1767870001,10,,Aggregated,2.900000,0.300000,15,16,19,33,360,390,410,840,850,850,850,129,5,15,71.66876297718449,2.7487500046845526,847.2297090047505,120.56589147286822
1767870002,10,,Aggregated,2.900000,0.300000,15,16,22,39,360,390,410,840,850,850,850,133,6,15,77.36080708319174,2.7487500046845526,847.2297090047505,120.45112781954887
1767870003,10,,Aggregated,2.700000,0.200000,15,16,22,39,360,390,410,840,850,850,850,135,6,15,76.35876271147195,2.7487500046845526,847.2297090047505,119.66666666666667
1767870004,10,,Aggregated,2.700000,0.200000,15,16,29,44,370,400,410,840,850,850,850,139,7,15,78.82052223064531,2.7487500046845526,847.2297090047505,120.12230215827338
1767870005,10,,Aggregated,3.100000,0.300000,15,16,22,39,360,390,410,840,850,850,850,143,7,15,76.8904563290282,2.221665999968536,847.2297090047505,118.65034965034965
1767870006,10,,Aggregated,3.100000,0.400000,15,16,29,44,360,390,410,840,850,850,850,144,8,15,78.48596386843889,2.221665999968536,847.2297090047505,119.40277777777777
1767870007,10,,Aggregated,3.000000,0.400000,15,16,29,44,360,390,410,840,850,850,850,147,9,15,79.36106835399694,2.221665999968536,847.2297090047505,119.93877551020408
1767870008,10,,Aggregated,2.900000,0.400000,15,17,29,44,350,390,410,840,850,850,850,152,10,15,79.29579446078462,2.221665999968536,847.2297090047505,120.25
1767870009,10,,Aggregated,3.100000,0.500000,16,17,32,120,360,400,410,840,850,850,850,155,11,16,82.24378204538351,2.221665999968536,847.2297090047505,120.25806451612904
1767870010,10,,Aggregated,2.900000,0.600000,16,17,30,86,360,400,410,840,850,850,850,158,11,16,80.99584525971986,2.221665999968536,847.2297090047505,119.96835443037975
1767870011,10,,Aggregated,2.900000,0.600000,16,17,30,86,360,400,410,840,850,850,850,158,11,16,80.99584525971986,2.221665999968536,847.2297090047505,119.96835443037975
1767870012,10,,Aggregated,3.100000,0.600000,16,17,32,86,360,390,410,840,850,850,850,162,12,16,81.83116980872899,2.221665999968536,847.2297090047505,119.88888888888889
1767870013,10,,Aggregated,3.000000,0.600000,16,17,30,64,360,390,410,840,850,850,850,166,12,16,80.15662831324784,2.221665999968536,847.2297090047505,119.07831325301204
1767870014,10,,Aggregated,2.900000,0.600000,16,17,30,64,360,390,410,840,850,850,850,168,12,15,79.2996615119115,2.221665999968536,847.2297090047505,118.46428571428571
1767870015,10,,Aggregated,2.900000,0.600000,15,17,22,51,350,390,410,840,850,850,850,173,12,15,77.22142443358305,2.221665999968536,847.2297090047505,116.77456647398844
1767870016,10,,Aggregated,2.800000,0.500000,15,17,22,51,350,390,410,840,850,850,850,175,12,15,76.51157720006138,2.221665999968536,847.2297090047505,116.64
1767870017,10,,Aggregated,3.000000,0.500000,15,17,22,51,360,390,410,840,850,850,850,180,13,15,76.82773454443021,2.221665999968536,847.2297090047505,116.57777777777778
1767870018,10,,Aggregated,3.100000,0.500000,15,17,22,44,350,390,410,840,850,850,850,181,13,15,76.48985479551223,2.221665999968536,847.2297090047505,116.51381215469613
1767870019,10,,Aggregated,3.000000,0.400000,15,17,22,39,350,390,410,840,850,850,850,186,13,15,74.79437258601833,2.221665999968536,847.2297090047505,116.20430107526882
1767870020,10,,Aggregated,3.100000,0.300000,15,16,21,39,350,390,410,840,850,850,850,189,13,15,73.77482919042767,2.221665999968536,847.2297090047505,115.62962962962963
1767870021,10,,Aggregated,3.200000,0.300000,15,16,21,37,330,390,410,840,850,850,850,192,13,15,72.73960421343872,2.221665999968536,847.2297090047505,114.68229166666667
1767870022,10,,Aggregated,3.100000,0.200000,15,16,21,37,330,390,410,840,850,850,850,193,13,15,72.43310216049136,2.221665999968536,847.2297090047505,114.6321243523316
1767870023,10,,Aggregated,3.100000,0.200000,15,16,21,37,330,390,410,840,850,850,850,195,13,15,71.88668252813677,2.221665999968536,847.2297090047505,114.53333333333333
1767870024,10,,Aggregated,3.400000,0.200000,15,16,21,34,330,390,410,840,850,850,850,198,13,15,71.00642977258593,2.221665999968536,847.2297090047505,114.38888888888889
1767870025,10,,Aggregated,3.000000,0.100000,15,16,21,37,340,390,410,840,850,850,850,200,14,15,71.99940067985153,2.221665999968536,847.2297090047505,114.53
1767870026,10,,Aggregated,3.000000,0.100000,15,16,21,37,340,380,410,410,850,850,850,206,15,15,72.4809951987711,2.221665999968536,847.2297090047505,114.84466019417475
1767870027,10,,Aggregated,2.900000,0.100000,15,16,21,37,340,380,410,410,850,850,850,207,15,15,72.21143000454367,2.221665999968536,847.2297090047505,114.79710144927536
1767870028,10,,Aggregated,2.900000,0.300000,15,16,21,37,340,380,410,410,850,850,850,209,15,15,71.65969901414071,2.221665999968536,847.2297090047505,114.70334928229666
1767870029,10,,Aggregated,3.000000,0.300000,15,17,22,44,330,380,410,410,850,850,850,213,17,15,74.36132105613923,2.221665999968536,847.2297090047505,115.66666666666667
1767870030,10,,Aggregated,2.700000,0.200000,15,17,22,44,340,380,410,410,850,850,850,217,18,15,74.77484182934792,2.221665999968536,847.2297090047505,115.3410138248848
1767870031,10,,Aggregated,2.700000,0.300000,15,17,22,44,340,380,410,410,850,850,850,220,18,15,73.87225914069198,2.221665999968536,847.2297090047505,114.51818181818182
1767870032,10,,Aggregated,2.900000,0.400000,15,17,22,44,330,380,410,410,850,850,850,222,19,15,74.59666596381844,2.221665999968536,847.2297090047505,114.64414414414415
1767870033,10,,Aggregated,2.900000,0.500000,15,17,22,51,340,380,410,410,850,850,850,226,19,15,75.34385661047779,2.221665999968536,847.2297090047505,117.84513274336283
1767870034,10,,Aggregated,2.800000,0.500000,15,17,22,51,340,380,410,410,850,850,850,229,19,15,74.48758993011353,2.221665999968536,847.2297090047505,117.34934497816595
1767870035,10,,Aggregated,3.100000,0.600000,15,17,22,44,330,380,410,410,850,850,850,232,19,15,73.73276315517833,2.221665999968536,847.2297090047505,117.1896551724138
1767870036,10,,Aggregated,3.200000,0.600000,15,16,22,44,330,380,410,410,850,850,850,235,19,15,72.94013089366614,2.221665999968536,847.2297090047505,116.71489361702127
1767870037,10,,Aggregated,3.200000,0.600000,15,17,22,51,340,380,410,410,850,850,850,238,21,15,75.22194227307669,2.221665999968536,847.2297090047505,117.27731092436974
1767870038,10,,Aggregated,2.900000,0.400000,15,16,22,44,340,380,410,410,850,850,850,242,21,15,74.2210544545847,2.221665999968536,847.2297090047505,117.07438016528926
1767870039,10,,Aggregated,3.000000,0.500000,15,16,22,44,340,380,410,410,850,850,850,244,21,15,73.7337684877275,2.221665999968536,847.2297090047505,116.97540983606558
1767870040,10,,Aggregated,3.100000,0.600000,15,16,22,44,340,380,410,410,850,850,850,248,21,15,74.1482844839465,2.221665999968536,847.2297090047505,119.5524193548387
1767870041,10,,Aggregated,3.100000,0.500000,15,16,21,44,340,380,410,410,850,850,850,250,21,15,73.67611354001565,2.221665999968536,847.2297090047505,119.436
1767870042,10,,Aggregated,3.000000,0.400000,15,16,22,51,340,380,410,410,850,850,850,254,22,15,74.47488274805451,2.221665999968536,847.2297090047505,119.68897637795276
1767870043,10,,Aggregated,3.100000,0.300000,15,16,21,44,340,380,410,410,850,850,850,258,22,15,73.45067267830694,2.221665999968536,847.2297090047505,118.87984496124031
1767870044,10,,Aggregated,3.300000,0.400000,15,16,22,64,350,380,410,410,850,850,850,260,23,15,75.38920740771573,2.221665999968536,847.2297090047505,119.24230769230769
1767870045,10,,Aggregated,3.000000,0.300000,15,16,22,51,340,380,410,410,850,850,850,263,23,15,74.60956895064842,2.221665999968536,847.2297090047505,118.50950570342205
1767870046,10,,Aggregated,3.000000,0.300000,15,16,21,44,340,380,410,410,850,850,850,266,23,15,73.92782804144142,2.221665999968536,847.2297090047505,118.35714285714286
1767870047,10,,Aggregated,3.000000,0.400000,15,16,22,51,350,380,410,410,850,850,850,269,24,15,74.62144473243676,2.221665999968536,847.2297090047505,118.66171003717471
1767870048,10,,Aggregated,3.100000,0.400000,15,16,22,51,350,380,410,480,850,850,850,274,25,15,75.13656785041833,2.1958750003250316,847.2297090047505,118.58394160583941
1767870049,10,,Aggregated,3.000000,0.300000,15,16,21,44,350,380,410,480,850,850,850,278,25,15,74.23195476267276,2.1958750003250316,847.2297090047505,118.11870503597122
1767870050,10,,Aggregated,3.400000,0.400000,15,16,21,44,350,380,410,480,850,850,850,279,25,15,74.02417311481598,2.1958750003250316,847.2297090047505,118.07168458781362
1767870051,10,,Aggregated,3.200000,0.400000,15,16,22,43,340,380,410,480,850,850,850,283,25,15,73.28677917324671,2.1958750003250316,847.2297090047505,117.886925795053
1767870052,10,,Aggregated,3.300000,0.400000,15,16,21,43,340,380,410,480,850,850,850,285,25,15,72.87284431942298,2.1958750003250316,847.2297090047505,117.79649122807018
1767870053,10,,Aggregated,3.000000,0.400000,15,16,21,39,340,380,410,480,850,850,850,287,25,15,72.47071459944983,2.1958750003250316,847.2297090047505,117.70731707317073
1767870054,10,,Aggregated,3.000000,0.300000,15,16,21,37,340,380,410,480,850,850,850,291,25,15,71.66837545715255,2.1958750003250316,847.2297090047505,117.27491408934708
1767870055,10,,Aggregated,3.100000,0.300000,15,16,20,37,340,380,410,480,850,850,850,294,25,15,71.02888225862672,2.1958750003250316,847.2297090047505,116.89455782312925
1767870056,10,,Aggregated,2.900000,0.300000,15,16,21,39,340,380,410,480,850,850,850,298,26,15,71.97587628537889,2.1958750003250316,847.2297090047505,117.14429530201342
1767870057,10,,Aggregated,3.100000,0.200000,15,16,22,43,340,380,410,410,850,850,850,302,27,15,72.79919926173498,2.1958750003250316,847.2297090047505,116.8907284768212
1767870058,10,,Aggregated,3.100000,0.200000,15,16,22,43,340,380,410,410,850,850,850,304,27,15,72.44671343764104,2.1958750003250316,847.2297090047505,116.8125
1767870059,10,,Aggregated,3.200000,0.300000,15,16,22,43,340,380,410,410,850,850,850,307,27,15,71.88331165165354,2.1958750003250316,847.2297090047505,116.6970684039088
1767870060,10,,Aggregated,3.100000,0.200000,15,16,22,43,340,380,410,410,850,850,850,308,27,15,71.70252100345883,2.1958750003250316,847.2297090047505,116.6590909090909
1767870061,10,,Aggregated,3.000000,0.200000,15,16,21,39,330,380,410,410,850,850,850,311,27,15,71.05271948892263,2.1958750003250316,847.2297090047505,115.82315112540194
1767870062,10,,Aggregated,2.900000,0.200000,15,16,21,39,330,380,410,410,850,850,850,312,27,15,70.87236087835873,2.1958750003250316,847.2297090047505,115.78846153846153
1767870063,10,,Aggregated,2.900000,0.200000,15,16,22,64,350,390,410,510,850,850,850,320,29,15,75.65643141265355,2.1958750003250316,847.2297090047505,116.046875
1767870064,10,,Aggregated,2.800000,0.200000,15,16,22,51,350,390,410,510,850,850,850,323,29,15,75.08991488867191,2.1958750003250316,847.2297090047505,115.94427244582043
1767870065,10,,Aggregated,3.100000,0.300000,15,16,22,51,350,390,410,510,850,850,850,325,29,15,74.68959630780424,2.1958750003250316,847.2297090047505,115.64615384615385
1767870066,10,,Aggregated,3.400000,0.400000,15,16,22,44,350,390,410,510,850,850,850,327,29,15,74.2596636331549,2.1958750003250316,847.2297090047505,115.1223241590214
1767870067,10,,Aggregated,3.200000,0.400000,15,16,22,44,350,390,410,510,850,850,850,330,29,15,73.67395469711593,2.1958750003250316,847.2297090047505,114.8030303030303
1767870068,10,,Aggregated,3.100000,0.400000,15,16,21,43,340,390,410,510,850,850,850,334,29,15,72.90150401510806,2.1958750003250316,847.2297090047505,114.23652694610779
1767870069,10,,Aggregated,3.000000,0.300000,15,16,21,43,340,390,410,510,850,850,850,337,29,15,72.35656048380045,2.1958750003250316,847.2297090047505,113.93175074183976
1767870070,10,,Aggregated,2.700000,0.200000,15,16,20,39,340,380,410,510,850,850,850,341,29,15,71.64786512919264,2.1958750003250316,847.2297090047505,113.60703812316716
1767870071,10,,Aggregated,3.000000,0.200000,15,16,20,37,340,380,410,510,850,850,850,347,29,15,70.64629193387492,2.1958750003250316,847.2297090047505,113.2420749279539
1767870072,10,,Aggregated,3.000000,0.200000,15,16,20,37,340,380,410,510,850,850,850,348,29,15,70.48256935360413,2.1958750003250316,847.2297090047505,113.2183908045977
1767870073,10,,Aggregated,3.300000,0.200000,15,16,20,37,330,380,410,510,850,850,850,351,30,15,70.79297402861862,2.1958750003250316,847.2297090047505,113.06837606837607
1767870074,10,,Aggregated,3.600000,0.200000,15,16,19,37,330,380,410,510,850,850,850,353,30,15,70.47842790380255,2.1958750003250316,847.2297090047505,113.02266288951841
1767870075,10,,Aggregated,3.200000,0.100000,15,16,20,37,330,380,410,510,850,850,850,356,30,15,70.09492137374028,2.1958750003250316,847.2297090047505,112.95505617977528
1767870076,10,,Aggregated,3.000000,0.100000,15,16,19,37,330,380,410,510,850,850,850,363,31,15,69.87742277699459,2.1958750003250316,847.2297090047505,112.93112947658402
1767870077,10,,Aggregated,3.000000,0.100000,15,16,19,37,330,380,410,510,850,850,850,365,31,15,69.54435082475419,2.1958750003250316,847.2297090047505,112.68219178082192
1767870079,10,,Aggregated,3.100000,0.100000,15,16,19,34,330,380,410,510,850,850,850,369,31,15,68.91649381583652,2.1958750003250316,847.2297090047505,112.39566395663957
1767870080,10,,Aggregated,3.500000,0.200000,15,16,19,34,330,380,410,510,850,850,850,372,31,15,68.4829800888384,2.1958750003250316,847.2297090047505,112.33602150537635
1767870081,10,,Aggregated,3.500000,0.200000,15,16,19,34,330,380,410,510,850,850,850,375,31,15,68.02898013347294,2.1958750003250316,847.2297090047505,112.07733333333333
1767870082,10,,Aggregated,3.500000,0.200000,15,16,19,33,330,380,410,510,850,850,850,376,31,15,67.88628470759308,2.1958750003250316,847.2297090047505,112.05851063829788
1767870083,10,,Aggregated,3.500000,0.200000,15,16,19,33,330,380,410,510,850,850,850,378,31,15,67.57640643931511,2.1958750003250316,847.2297090047505,111.82275132275132
1767870084,10,,Aggregated,3.400000,0.200000,15,16,19,33,330,380,410,510,850,850,850,384,31,15,66.77709160169343,2.1958750003250316,847.2297090047505,111.52083333333333
1767870085,10,,Aggregated,2.900000,0.200000,15,16,19,34,330,380,410,510,850,850,850,387,32,15,67.33002370812699,2.1958750003250316,847.2297090047505,111.78552971576228
1767870086,10,,Aggregated,3.300000,0.100000,15,16,19,34,330,380,410,510,850,850,850,391,33,15,67.6003724682074,2.1958750003250316,847.2297090047505,111.83631713554988
1767870087,10,,Aggregated,3.300000,0.100000,15,16,19,34,330,380,410,510,850,850,850,393,33,15,67.27659523682746,2.1958750003250316,847.2297090047505,111.41984732824427
1767870088,10,,Aggregated,3.400000,0.200000,15,16,19,33,330,380,410,510,850,850,850,396,33,15,66.80873845724625,1.886874990304932,847.2297090047505,110.99242424242425
1767870089,10,,Aggregated,3.400000,0.300000,15,16,19,34,330,380,410,510,850,850,850,399,34,15,67.70041878720312,1.886874990304932,847.2297090047505,111.2531328320802
1767870090,10,,Aggregated,3.000000,0.200000,15,16,19,34,330,380,410,480,850,850,850,401,34,15,67.44110061373519,1.886874990304932,847.2297090047505,111.2219451371571
1767870091,10,,Aggregated,3.100000,0.200000,15,16,19,40,340,390,410,730,850,850,850,406,34,15,73.23836938450383,1.886874990304932,849.2709160054801,113.02216748768473
1767870092,10,,Aggregated,3.000000,0.300000,15,16,20,43,340,390,480,730,850,850,850,409,36,15,75.1976267606718,1.886874990304932,849.2709160054801,113.37652811735941
1767870093,10,,Aggregated,2.900000,0.300000,15,16,20,42,340,390,480,730,850,850,850,411,36,15,74.89167267669512,1.886874990304932,849.2709160054801,113.33576642335767
1767870094,10,,Aggregated,3.100000,0.300000,15,16,19,42,340,390,480,730,850,850,850,413,36,15,74.60311120610653,1.886874990304932,849.2709160054801,113.2953995157385
1767870095,10,,Aggregated,3.300000,0.500000,15,16,20,40,340,390,480,730,850,850,850,417,36,15,74.13062652303168,1.886874990304932,849.2709160054801,113.2158273381295
1767870096,10,,Aggregated,3.300000,0.500000,15,16,20,42,340,390,480,730,850,850,850,421,37,15,75.03371597408713,1.886874990304932,849.2709160054801,113.24940617577197
1767870097,10,,Aggregated,2.900000,0.500000,15,16,20,42,340,390,480,730,850,850,850,422,37,15,74.89183986990827,1.886874990304932,849.2709160054801,113.22985781990522
1767870098,10,,Aggregated,3.000000,0.400000,15,16,20,42,340,390,480,730,850,850,850,425,37,15,74.41647345196758,1.886874990304932,849.2709160054801,112.81882352941176
1767870099,10,,Aggregated,2.900000,0.400000,15,16,20,40,340,390,480,730,850,850,850,429,37,15,73.82554945708003,1.886874990304932,849.2709160054801,112.57109557109557
1767870100,10,,Aggregated,2.900000,0.400000,15,16,20,40,340,390,480,730,850,850,850,432,38,15,74.21499722244738,1.886874990304932,849.2709160054801,112.62731481481481
1767870101,10,,Aggregated,2.900000,0.300000,15,16,20,40,340,390,480,730,850,850,850,435,38,15,73.79674034503599,1.886874990304932,849.2709160054801,112.40229885057471
1767870102,10,,Aggregated,2.900000,0.300000,15,16,20,39,340,390,480,730,850,850,850,437,38,15,73.5049927737047,1.886874990304932,849.2709160054801,112.19679633867277
1767870103,10,,Aggregated,2.800000,0.400000,15,16,20,39,340,390,480,730,850,850,850,443,39,15,73.51032517182654,1.886874990304932,849.2709160054801,112.37471783295712
1767870104,10,,Aggregated,2.800000,0.200000,15,16,20,40,340,390,480,730,850,850,850,447,39,15,74.22915177203099,1.886874990304932,849.2709160054801,113.84563758389261
1767870105,10,,Aggregated,2.800000,0.200000,15,16,20,40,340,390,480,730,850,850,850,449,39,15,73.96723396684233,1.886874990304932,849.2709160054801,113.80623608017818
1767870106,10,,Aggregated,3.300000,0.300000,15,16,20,39,340,390,410,730,850,850,850,452,39,15,73.5722411705881,1.886874990304932,849.2709160054801,113.74778761061947
1767870107,10,,Aggregated,3.300000,0.300000,15,16,20,40,340,390,410,730,850,850,850,455,40,15,73.90037437825423,1.886874990304932,849.2709160054801,113.95824175824175
1767870108,10,,Aggregated,3.200000,0.300000,15,16,20,39,340,390,410,730,850,850,850,458,40,15,73.53733944783255,1.886874990304932,849.2709160054801,113.8995633187773
1767870109,10,,Aggregated,3.000000,0.200000,15,16,20,39,340,390,410,730,850,850,850,459,40,15,73.38712846864475,1.886874990304932,849.2709160054801,113.71677559912854
1767870110,10,,Aggregated,3.300000,0.300000,15,16,20,37,340,380,410,730,850,850,850,463,40,15,72.8622308511905,1.886874990304932,849.2709160054801,113.47948164146868
1767870111,10,,Aggregated,3.100000,0.300000,15,16,20,37,340,380,410,730,850,850,850,466,40,15,73.17646604315867,1.886874990304932,849.2709160054801,115.06008583690988
1767870112,10,,Aggregated,3.100000,0.300000,15,16,20,40,340,380,410,730,850,850,850,470,41,15,73.41834487897552,1.886874990304932,849.2709160054801,115.23404255319149
1767870113,10,,Aggregated,3.100000,0.200000,15,16,20,39,340,380,410,730,850,850,850,472,41,15,73.14201776297507,1.886874990304932,849.2709160054801,115.03177966101696
1767870114,10,,Aggregated,3.100000,0.200000,15,16,21,43,340,380,410,730,850,850,850,475,42,15,74.24837624865559,1.886874990304932,849.2709160054801,115.06736842105263
1767870115,10,,Aggregated,3.000000,0.200000,15,16,20,42,340,380,410,730,850,850,850,478,42,15,73.88302102740016,1.886874990304932,849.2709160054801,115.00418410041841
1767870116,10,,Aggregated,3.000000,0.200000,15,16,21,43,340,390,450,730,850,850,850,480,42,15,75.1041586981349,1.886874990304932,849.2709160054801,116.70625
1767870117,10,,Aggregated,2.900000,0.300000,15,16,20,43,340,380,450,730,850,850,850,485,42,15,74.48224975897321,1.886874990304932,849.2709160054801,116.58556701030928
1767870118,10,,Aggregated,2.900000,0.300000,15,16,21,43,350,390,450,730,850,850,850,488,43,15,75.60816147562319,1.886874990304932,849.2709160054801,118.32581967213115
1767870119,10,,Aggregated,2.900000,0.300000,15,16,21,43,350,390,450,730,850,850,850,489,43,15,75.48595690204746,1.886874990304932,849.2709160054801,118.29856850715747
1767870120,10,,Aggregated,3.000000,0.200000,15,16,21,43,340,390,450,730,850,850,850,493,43,15,75.05074308944405,1.886874990304932,849.2709160054801,118.19066937119675
1767870121,10,,Aggregated,3.000000,0.300000,15,16,21,43,340,390,450,730,850,850,850,498,43,15,74.44632356245016,1.886874990304932,849.2709160054801,117.90763052208835
1767870122,10,,Aggregated,3.000000,0.300000,15,16,21,43,340,390,450,730,850,850,850,499,43,15,74.32440374168345,1.886874990304932,849.2709160054801,117.8817635270541
1767870123,10,,Aggregated,3.200000,0.300000,15,16,20,42,340,380,410,630,850,850,850,502,43,15,73.94267622928972,1.886874990304932,849.2709160054801,117.65537848605578
1767870124,10,,Aggregated,3.200000,0.300000,15,16,20,42,340,380,410,630,850,850,850,505,43,15,73.58970645562133,1.886874990304932,849.2709160054801,117.58019801980198
1767870125,10,,Aggregated,2.900000,0.200000,15,16,21,43,340,380,410,630,850,850,850,510,44,15,74.3083014903937,1.886874990304932,849.2709160054801,117.40196078431373
1767870126,10,,Aggregated,2.900000,0.200000,15,16,21,42,340,380,410,630,850,850,850,512,44,15,74.0560074240193,1.886874990304932,849.2709160054801,117.353515625
1767870127,10,,Aggregated,3.200000,0.200000,15,16,21,43,350,390,450,630,850,850,850,516,45,15,75.76221400215796,1.886874990304932,849.2709160054801,117.20348837209302
1767870128,10,,Aggregated,3.200000,0.200000,15,16,21,43,350,390,450,630,850,850,850,517,45,15,75.64349058820511,1.886874990304932,849.2709160054801,117.1798839458414
1767870129,10,,Aggregated,3.200000,0.200000,15,16,21,43,350,390,450,630,850,850,850,520,45,15,75.27761516173017,1.886874990304932,849.2709160054801,116.96538461538462
1767870130,10,,Aggregated,3.000000,0.200000,15,16,21,44,350,390,450,630,850,850,850,525,47,15,76.54318803447366,1.886874990304932,849.2709160054801,117.17333333333333
1767870131,10,,Aggregated,3.100000,0.200000,15,16,22,51,350,390,460,630,850,850,850,529,47,15,77.31282610791389,1.886874990304932,849.2709160054801,118.66351606805293
1767870132,10,,Aggregated,3.100000,0.300000,15,16,22,44,350,390,460,630,850,850,850,532,47,15,76.96788896066579,1.886874990304932,849.2709160054801,118.58646616541354
1767870133,10,,Aggregated,3.000000,0.400000,15,16,21,44,350,390,460,630,850,850,850,536,47,15,76.50383195532277,1.886874990304932,849.2709160054801,118.48507462686567
1767870134,10,,Aggregated,3.100000,0.400000,15,16,21,44,350,390,460,630,850,850,850,539,47,15,76.14582145097623,1.886874990304932,849.2709160054801,118.2708719851577
1767870135,10,,Aggregated,3.400000,0.400000,15,16,21,43,340,390,460,630,850,850,850,542,47,15,75.7858604134204,1.886874990304932,849.2709160054801,118.0590405904059
1767870136,10,,Aggregated,3.400000,0.400000,15,16,21,43,340,390,460,630,850,850,850,543,47,15,75.65284217691733,1.886874990304932,849.2709160054801,117.89686924493554
1767870137,10,,Aggregated,3.200000,0.300000,15,16,21,43,340,390,460,630,850,850,850,546,48,15,75.85466874553566,1.886874990304932,849.2709160054801,117.91208791208791
1767870138,10,,Aggregated,3.200000,0.300000,15,16,21,43,340,390,460,630,850,850,850,548,48,15,75.63350944718525,1.886874990304932,849.2709160054801,117.86496350364963
1767870139,10,,Aggregated,3.100000,0.300000,15,16,21,44,340,390,450,630,850,850,850,552,49,15,76.52212403996415,1.886874990304932,849.2709160054801,117.85688405797102
1767870140,10,,Aggregated,3.200000,0.400000,15,16,21,44,340,390,450,630,850,850,850,554,49,15,76.29822956329625,1.886874990304932,849.2709160054801,117.81046931407943
1767870141,10,,Aggregated,3.200000,0.400000,15,16,20,43,340,390,450,630,850,850,850,558,49,15,75.85367378328637,1.886874990304932,849.2709160054801,117.71863799283155
1767870142,10,,Aggregated,3.000000,0.300000,15,16,21,44,340,390,450,630,850,850,850,561,51,15,76.86793733702154,1.886874990304932,849.2709160054801,118.0855614973262
1767870143,10,,Aggregated,3.000000,0.200000,15,16,21,44,340,390,450,630,850,850,850,564,51,15,76.52677240793767,1.886874990304932,849.2709160054801,118.01595744680851
1767870144,10,,Aggregated,2.900000,0.300000,15,16,20,43,340,390,450,630,850,850,850,566,51,15,76.311150493061,1.886874990304932,849.2709160054801,117.96996466431095
1767870145,10,,Aggregated,2.700000,0.400000,15,16,21,44,340,390,450,630,850,850,850,569,52,15,76.5609672883174,1.886874990304932,849.2709160054801,118.11599297012302
1767870146,10,,Aggregated,2.700000,0.400000,15,16,20,43,340,390,450,630,850,850,850,573,52,15,76.11091814318694,1.886874990304932,849.2709160054801,117.89354275741711
1767870147,10,,Aggregated,2.700000,0.400000,15,16,20,43,340,390,450,630,850,850,850,576,52,15,75.76228872234323,1.6138330101966858,849.2709160054801,117.69618055555556
1767870148,10,,Aggregated,2.900000,0.500000,15,16,21,44,340,390,450,630,850,850,850,579,53,15,76.21039495347405,1.6138330101966858,849.2709160054801,117.84110535405873
1767870149,10,,Aggregated,2.900000,0.500000,15,16,20,43,340,390,450,630,850,850,850,581,53,15,75.99505954398514,1.6138330101966858,849.2709160054801,117.79690189328744
1767870150,10,,Aggregated,3.000000,0.500000,15,16,20,43,340,390,450,630,850,850,850,585,53,15,75.54407089070067,1.6138330101966858,849.2709160054801,117.45299145299145
1767870151,10,,Aggregated,2.900000,0.400000,15,16,20,43,340,390,450,630,850,850,850,588,54,15,75.76286595079237,1.6138330101966858,849.2709160054801,117.46938775510205
1767870152,10,,Aggregated,3.000000,0.400000,15,16,20,43,340,390,450,630,850,850,850,590,54,15,75.56237954078084,1.6138330101966858,849.2709160054801,117.4271186440678
1767870153,10,,Aggregated,3.000000,0.400000,15,16,20,43,340,390,450,630,850,850,850,594,54,15,75.17535236545251,1.6138330101966858,849.2709160054801,117.21717171717172
1767870154,10,,Aggregated,3.000000,0.400000,15,16,20,42,340,390,450,630,850,850,850,597,54,15,74.868835728784,1.6138330101966858,849.2709160054801,117.15577889447236
1767870155,10,,Aggregated,3.200000,0.300000,15,16,20,42,340,390,450,590,850,850,850,603,54,15,74.26162578124892,1.6138330101966858,849.2709160054801,117.03482587064677
1767870156,10,,Aggregated,3.100000,0.300000,15,16,19,42,340,390,450,590,850,850,850,605,54,15,74.06482701668466,1.6138330101966858,849.2709160054801,116.99504132231405
1767870157,10,,Aggregated,3.100000,0.300000,15,16,19,40,340,390,450,590,850,850,850,608,54,15,73.74159411035994,1.6138330101966858,849.2709160054801,116.68914473684211
1767870158,10,,Aggregated,3.200000,0.200000,15,16,20,43,340,390,450,590,850,850,850,612,55,15,75.68397516682607,1.6138330101966858,849.2709160054801,118.1797385620915
1767870159,10,,Aggregated,3.300000,0.200000,15,16,20,43,340,390,450,590,850,850,850,615,55,15,75.37129608631736,1.6138330101966858,849.2709160054801,117.99349593495936
1767870160,10,,Aggregated,3.300000,0.200000,15,16,20,42,340,390,450,590,850,850,850,616,55,15,75.27324859592073,1.6138330101966858,849.2709160054801,117.97240259740259
1767870161,10,,Aggregated,3.300000,0.200000,15,16,20,42,340,390,450,590,850,850,850,620,55,15,74.82935552597478,1.6138330101966858,849.2709160054801,117.52580645161291
1767870162,10,,Aggregated,3.200000,0.200000,15,16,20,42,340,390,450,590,850,850,850,624,56,15,74.99460204505736,1.6138330101966858,849.2709160054801,117.64102564102564
1767870163,10,,Aggregated,3.200000,0.200000,15,16,19,42,340,390,450,590,850,850,850,625,56,15,74.89531694739125,1.6138330101966858,849.2709160054801,117.6208
1767870164,10,,Aggregated,3.400000,0.200000,15,16,19,42,340,390,450,590,850,850,850,629,56,15,74.48065051526152,1.6138330101966858,849.2709160054801,117.30206677265501
1767870165,10,,Aggregated,3.400000,0.200000,15,16,19,40,340,390,450,590,850,850,850,633,56,15,74.08775402702712,1.6138330101966858,849.2709160054801,117.10584518167457
1767870166,10,,Aggregated,3.100000,0.200000,15,16,19,39,340,390,450,590,850,850,850,636,56,15,73.79083105204802,1.6138330101966858,849.2709160054801,116.93081761006289
1767870167,10,,Aggregated,3.100000,0.200000,15,16,19,39,340,390,450,590,850,850,850,639,56,15,73.56008510501105,1.6138330101966858,849.2709160054801,116.87480438184663
1767870168,10,,Aggregated,3.200000,0.200000,15,16,19,37,340,390,450,590,850,850,850,642,56,15,73.260391950348,1.6138330101966858,849.2709160054801,116.702492211838
1767870169,10,,Aggregated,2.900000,0.200000,15,16,19,37,340,390,450,590,850,850,850,645,56,15,72.97762371958396,1.6138330101966858,849.2709160054801,116.64806201550388
1767870170,10,,Aggregated,3.000000,0.100000,15,16,19,37,340,390,450,590,850,850,850,647,56,15,72.78081138505024,1.6138330101966858,849.2709160054801,116.49613601236476
1767870171,10,,Aggregated,2.900000,0.100000,15,16,19,37,340,390,450,590,850,850,850,650,56,15,72.49124860171622,1.6138330101966858,849.2709160054801,116.3276923076923
1767870172,10,,Aggregated,2.900000,0.100000,15,16,19,37,340,390,450,590,850,850,850,656,56,15,73.4911370794335,1.6138330101966858,849.2709160054801,117.38567073170732
1767870173,10,,Aggregated,2.900000,0.100000,15,16,19,37,340,390,450,590,850,850,850,658,56,15,73.3191464135452,1.6138330101966858,849.2709160054801,117.34802431610942
1767870174,10,,Aggregated,3.100000,0.000000,15,16,19,37,340,390,450,590,850,850,850,662,56,15,72.93181490196422,1.6138330101966858,849.2709160054801,117.04682779456193
1767870175,10,,Aggregated,3.100000,0.000000,15,16,19,37,340,390,450,590,850,850,850,663,56,15,72.84316328371037,1.6138330101966858,849.2709160054801,117.02865761689291
1767870176,10,,Aggregated,3.300000,0.000000,15,16,19,37,340,390,450,590,850,850,850,666,56,15,72.65096090704027,1.6138330101966858,849.2709160054801,116.86186186186187
1767870177,10,,Aggregated,3.000000,0.000000,15,16,19,37,340,390,450,590,850,850,850,669,56,15,72.37893536038086,1.6138330101966858,849.2709160054801,116.6965620328849
1767870178,10,,Aggregated,3.000000,0.000000,15,16,19,37,330,390,450,590,850,850,850,672,56,15,72.11722675609573,1.6138330101966858,849.2709160054801,116.64434523809524
1767870179,10,,Aggregated,3.000000,0.000000,15,16,19,37,340,390,450,590,850,850,850,676,56,15,72.26802879156918,1.6138330101966858,849.2709160054801,117.81360946745562
1767870180,10,,Aggregated,3.000000,0.000000,15,16,19,37,340,390,450,590,850,850,850,679,56,15,71.98151633004464,1.6138330101966858,849.2709160054801,117.5360824742268
1767870181,10,,Aggregated,3.000000,0.000000,15,16,19,37,340,390,450,590,850,850,850,680,56,15,71.91487837808381,1.6138330101966858,849.2709160054801,117.51764705882353
1767870182,10,,Aggregated,3.400000,0.000000,15,16,19,38,340,390,450,590,850,850,850,686,56,15,72.26424982668014,1.6138330101966858,849.2709160054801,118.51895043731778
1767870183,10,,Aggregated,3.000000,0.000000,15,16,19,38,340,390,450,590,850,850,850,687,56,15,72.18144239025008,1.6138330101966858,849.2709160054801,118.49927219796216
1767870184,10,,Aggregated,2.600000,0.000000,15,16,19,37,330,390,450,590,850,850,850,691,56,15,71.84050296250982,1.6138330101966858,849.2709160054801,118.31259044862519
1767870185,10,,Aggregated,2.600000,0.000000,15,16,19,37,330,390,450,590,850,850,850,693,56,15,71.67006572451886,1.6138330101966858,849.2709160054801,118.27417027417027
1767870186,10,,Aggregated,3.000000,0.000000,15,16,19,38,340,390,450,590,850,850,850,695,57,15,72.38914023610769,1.6138330101966858,849.2709160054801,118.41151079136691
1767870187,10,,Aggregated,3.000000,0.000000,15,16,19,38,340,390,450,590,850,850,850,700,58,15,72.4645310215627,1.6138330101966858,849.2709160054801,118.38285714285715
1767870188,10,,Aggregated,3.000000,0.000000,15,16,19,38,340,390,450,590,850,850,850,702,58,15,72.29491002862494,1.6138330101966858,849.2709160054801,118.23789173789174
1767870189,10,,Aggregated,3.100000,0.100000,15,16,19,37,340,390,450,590,850,850,850,706,58,15,71.9770721885039,1.6138330101966858,849.2709160054801,118.05665722379604
1767870190,10,,Aggregated,3.100000,0.100000,15,16,19,37,340,390,450,590,850,850,850,707,58,15,71.89700142444208,1.6138330101966858,849.2709160054801,118.03818953323903
1767870191,10,,Aggregated,3.100000,0.200000,15,16,20,41,340,390,450,590,850,850,850,715,59,15,73.58339056791901,1.6138330101966858,849.2709160054801,118.91888111888112
1767870192,10,,Aggregated,2.800000,0.200000,15,16,20,40,340,390,450,590,850,850,850,716,59,15,73.5028344470113,1.6138330101966858,849.2709160054801,118.89944134078212
1767870193,10,,Aggregated,3.200000,0.200000,15,16,21,42,340,390,450,590,850,850,850,719,59,15,74.6444920682462,1.6138330101966858,849.2709160054801,120.00556328233658
1767870194,10,,Aggregated,3.500000,0.300000,15,16,21,42,340,390,450,590,850,850,850,722,59,15,74.39917556103383,1.6138330101966858,849.2709160054801,119.9432132963989
1767870195,10,,Aggregated,3.000000,0.300000,15,16,21,43,340,390,450,590,850,850,850,725,60,15,74.92955885803455,1.6138330101966858,849.2709160054801,120.0496551724138
1767870196,10,,Aggregated,3.000000,0.300000,15,16,21,43,340,390,450,590,850,850,850,725,60,15,74.92955885803455,1.6138330101966858,849.2709160054801,120.0496551724138
1767870197,10,,Aggregated,3.000000,0.300000,15,16,22,43,340,390,450,590,850,850,850,730,61,15,75.05133134392266,1.6138330101966858,849.2709160054801,120.11369863013698
1767870198,10,,Aggregated,3.200000,0.400000,15,16,22,43,340,390,450,590,850,850,850,733,63,15,75.83099000282506,1.6138330101966858,849.2709160054801,120.38472032742156
1767870199,10,,Aggregated,3.100000,0.300000,15,16,22,43,340,390,450,590,850,850,850,737,63,15,75.47893939898988,1.6138330101966858,849.2709160054801,120.19945725915875
1767870200,10,,Aggregated,3.100000,0.300000,15,16,22,43,340,390,450,590,850,850,850,738,63,15,75.39596449329248,1.6138330101966858,849.2709160054801,120.17886178861788
1767870201,10,,Aggregated,3.100000,0.500000,15,16,22,42,340,390,450,590,850,850,850,742,63,15,75.07225994481263,1.6138330101966858,849.2709160054801,119.89487870619946
1767870202,10,,Aggregated,3.100000,0.500000,15,16,22,43,340,390,450,590,850,850,850,746,64,15,75.69746788880703,1.6138330101966858,849.2709160054801,119.97855227882037
1767870203,10,,Aggregated,3.000000,0.500000,15,16,22,43,340,390,450,590,850,850,850,749,64,15,75.42542106413981,1.6138330101966858,849.2709160054801,119.71829105473965
1767870204,10,,Aggregated,2.700000,0.400000,15,16,22,43,340,390,420,590,850,850,850,753,64,15,75.0748825817504,1.6138330101966858,849.2709160054801,119.44090305444887
1767870205,10,,Aggregated,2.700000,0.400000,15,16,22,43,340,390,420,590,850,850,850,754,64,15,75.45723767779133,1.6138330101966858,849.2709160054801,120.53183023872678
1767870206,10,,Aggregated,3.100000,0.500000,15,16,22,46,340,390,420,590,850,850,850,760,65,15,76.10152944220509,1.6138330101966858,849.2709160054801,120.47105263157894
1767870207,10,,Aggregated,3.100000,0.500000,15,16,22,46,340,390,420,590,850,850,850,763,66,15,76.23987964229038,1.6138330101966858,849.2709160054801,120.47182175622542
1767870208,10,,Aggregated,3.300000,0.500000,15,16,22,46,340,390,420,590,850,850,850,765,66,15,76.07730125237616,1.6138330101966858,849.2709160054801,120.43137254901961
1767870209,10,,Aggregated,3.300000,0.600000,15,16,23,53,340,390,450,590,850,850,850,770,66,15,77.25778008450591,1.6138330101966858,849.2709160054801,122.5051948051948
1767870210,10,,Aggregated,3.100000,0.400000,15,16,22,52,340,390,450,590,850,850,850,773,66,15,76.988933213547,1.6138330101966858,849.2709160054801,122.24320827943079
1767870211,10,,Aggregated,3.100000,0.300000,15,16,22,51,340,390,450,590,850,850,850,777,66,15,76.66509260883524,1.6138330101966858,849.2709160054801,122.15444015444015
1767870212,10,,Aggregated,3.400000,0.300000,15,16,22,51,340,390,450,590,850,850,850,778,66,15,76.61108493837926,1.6138330101966858,849.2709160054801,122.13239074550128
1767870213,10,,Aggregated,3.400000,0.300000,15,16,24,53,340,390,450,590,850,850,850,783,67,15,77.18041469484251,1.6138330101966858,849.2709160054801,122.17879948914431
1767870214,10,,Aggregated,3.500000,0.300000,15,16,23,53,340,390,450,590,850,850,850,785,67,15,77.01710886123611,1.6138330101966858,849.2709160054801,122.13503184713376
1767870215,10,,Aggregated,3.000000,0.200000,15,16,23,52,340,390,450,590,850,850,850,787,67,15,76.85891375104066,1.6138330101966858,849.2709160054801,122.09148665819568
1767870216,10,,Aggregated,3.400000,0.300000,15,16,24,58,340,390,450,590,850,850,850,790,68,15,77.39043185200772,1.6138330101966858,849.2709160054801,122.18101265822784
1767870217,10,,Aggregated,3.200000,0.300000,15,16,24,56,340,390,450,590,850,850,850,793,68,15,77.1338033267035,1.6138330101966858,849.2709160054801,122.02143757881463
1767870218,10,,Aggregated,2.900000,0.200000,15,16,24,56,340,390,450,590,850,850,850,795,68,15,76.97470717491954,1.6138330101966858,849.2709160054801,121.97861635220126
1767870219,10,,Aggregated,2.900000,0.200000,15,16,27,65,340,390,450,590,850,850,850,800,70,15,78.10120046256998,1.6138330101966858,849.2709160054801,122.1775
1767870220,10,,Aggregated,3.100000,0.200000,15,16,28,70,340,390,430,590,850,850,850,804,71,15,78.33673812696071,1.6138330101966858,849.2709160054801,122.24378109452736
1767870221,10,,Aggregated,3.200000,0.300000,15,16,27,65,340,390,430,590,850,850,850,806,71,15,78.159905806541,1.6138330101966858,849.2709160054801,122.10794044665012
1767870222,10,,Aggregated,2.900000,0.400000,15,16,27,65,340,390,430,590,850,850,850,809,71,15,77.90147594323514,1.6138330101966858,849.2709160054801,121.85908529048207
1767870223,10,,Aggregated,3.000000,0.500000,15,16,27,64,340,390,430,590,850,850,850,811,71,15,77.7294019692702,1.6138330101966858,849.2709160054801,121.72503082614057
1767870224,10,,Aggregated,3.000000,0.500000,15,16,26,64,340,390,430,590,850,850,850,815,71,15,77.40882213386004,1.6138330101966858,849.2709160054801,121.55092024539877
1767870225,10,,Aggregated,3.200000,0.500000,15,16,24,59,340,390,430,590,850,850,850,818,71,15,77.18351471774658,1.6138330101966858,849.2709160054801,121.49022004889976
1767870226,10,,Aggregated,2.700000,0.400000,15,16,24,58,340,390,430,590,850,850,850,821,71,15,76.97260885884184,1.6138330101966858,849.2709160054801,121.4299634591961
1767870227,10,,Aggregated,3.000000,0.400000,15,16,24,58,340,390,430,590,850,850,850,825,71,15,76.66325403894227,1.6138330101966858,849.2709160054801,121.25939393939395
1767870228,10,,Aggregated,3.100000,0.400000,15,16,24,56,340,390,430,590,850,850,850,827,71,15,76.49812897839519,1.6138330101966858,849.2709160054801,121.12938331318017
1767870229,10,,Aggregated,3.100000,0.300000,15,16,27,64,340,390,450,590,850,850,850,832,73,15,77.78189738358448,1.6138330101966858,849.2709160054801,121.23557692307692
1767870230,10,,Aggregated,3.100000,0.300000,15,16,26,64,340,390,450,590,850,850,850,835,73,15,77.53167599657463,1.6138330101966858,849.2709160054801,120.99760479041916
1767870231,10,,Aggregated,3.000000,0.200000,15,16,24,59,340,390,450,590,850,850,850,838,73,15,77.29254469823447,1.6138330101966858,849.2709160054801,120.8508353221957
1767870232,10,,Aggregated,3.100000,0.300000,15,16,24,59,340,390,450,590,850,850,850,840,73,15,77.14370847991502,1.6138330101966858,849.2709160054801,120.81309523809524
1767870233,10,,Aggregated,3.000000,0.200000,15,16,24,58,340,390,450,590,850,850,850,842,73,15,76.98172565097224,1.6138330101966858,849.2709160054801,120.68646080760095
1767870234,10,,Aggregated,3.200000,0.200000,15,16,24,58,340,390,450,590,850,850,850,845,73,15,76.80845024274626,1.6138330101966858,849.2709160054801,120.54201183431952
1767870235,10,,Aggregated,3.100000,0.200000,15,16,26,59,340,390,450,590,850,850,850,849,74,15,77.30612283760684,1.6138330101966858,849.2709160054801,120.52414605418139
1767870236,10,,Aggregated,3.100000,0.200000,15,16,24,58,340,390,430,590,850,850,850,853,74,15,76.9764687351964,1.6138330101966858,849.2709160054801,120.18757327080891
1767870237,10,,Aggregated,3.100000,0.300000,15,16,24,56,340,390,430,590,850,850,850,857,74,15,76.67483274694239,1.6138330101966858,849.2709160054801,120.0291715285881
1767870238,10,,Aggregated,3.200000,0.300000,15,16,24,58,340,390,430,590,850,850,850,859,74,15,76.91441632379201,1.6138330101966858,849.2709160054801,120.9685681024447
1767870239,10,,Aggregated,3.200000,0.300000,15,16,27,65,340,390,450,590,850,850,850,864,75,15,78.08683284968167,1.6138330101966858,849.2709160054801,121.98611111111111
1767870240,10,,Aggregated,3.200000,0.300000,15,16,27,65,340,390,450,590,850,850,850,865,75,15,78.0235259619917,1.6138330101966858,849.2709160054801,121.9664739884393
1767870241,10,,Aggregated,3.100000,0.300000,15,16,26,64,340,390,450,590,850,850,850,869,75,15,77.71720679761398,1.6138330101966858,849.2709160054801,121.80207134637514
1767870242,10,,Aggregated,3.300000,0.200000,15,16,26,59,340,390,450,590,850,850,850,871,75,15,77.54718221139751,1.6138330101966858,849.2709160054801,121.59127439724455
1767870243,10,,Aggregated,3.200000,0.200000,15,16,24,59,340,390,450,590,850,850,850,873,75,15,77.40646821090603,1.6138330101966858,849.2709160054801,121.55326460481099
1767870244,10,,Aggregated,3.000000,0.200000,15,16,27,65,340,390,450,590,850,850,850,878,76,15,77.88197408555047,1.6138330101966858,849.2709160054801,121.5125284738041
1767870245,10,,Aggregated,3.100000,0.200000,15,16,27,86,340,390,450,590,850,850,850,880,77,15,78.39728886943207,1.6138330101966858,849.2709160054801,121.61363636363636
1767870246,10,,Aggregated,3.200000,0.200000,15,16,27,77,340,390,450,590,850,850,850,886,78,15,78.44615490417549,1.6138330101966858,849.2709160054801,121.63882618510158
1767870247,10,,Aggregated,3.200000,0.200000,15,16,27,77,340,390,450,590,850,850,850,886,78,15,78.44615490417549,1.6138330101966858,849.2709160054801,121.63882618510158
1767870248,10,,Aggregated,3.100000,0.300000,15,16,27,77,340,390,450,590,850,850,850,889,78,15,78.21737433979743,1.6138330101966858,849.2709160054801,121.49831271091114
1767870249,10,,Aggregated,3.200000,0.400000,15,16,27,70,340,390,450,590,850,850,850,893,78,15,77.9285649440979,1.6138330101966858,849.2709160054801,121.34042553191489
1767870250,10,,Aggregated,2.900000,0.400000,15,16,27,70,340,390,450,590,850,850,850,895,78,15,77.77962750846626,1.6138330101966858,849.2709160054801,121.22011173184357
1767870251,10,,Aggregated,3.000000,0.400000,15,16,27,65,340,390,450,590,850,850,850,896,78,15,77.71532281817274,1.6138330101966858,849.2709160054801,121.20200892857143
1767870252,10,,Aggregated,2.900000,0.300000,15,16,27,70,340,390,430,590,850,850,850,902,79,15,77.86692834930714,1.6138330101966858,849.2709160054801,121.22949002217295
1767870253,10,,Aggregated,2.900000,0.300000,15,16,27,70,340,390,430,590,850,850,850,902,79,15,77.86692834930714,1.6138330101966858,849.2709160054801,121.22949002217295
1767870254,10,,Aggregated,2.700000,0.300000,15,16,27,86,340,390,450,620,850,850,850,909,81,15,79.50615089557226,1.6138330101966858,849.2709160054801,121.37293729372938
1767870255,10,,Aggregated,3.000000,0.400000,15,16,27,77,340,390,450,620,850,850,850,911,81,15,79.3527731394852,1.6138330101966858,849.2709160054801,121.25466520307354
